name,email,company,job_title,location,industry
Sarah Johnson,sarah.johnson@techventures.com,TechVentures,CEO,San Francisco CA,
Michael Chen,michael@microsoft.com,Microsoft Corporation,VP of Sales,Seattle WA,
Emily Rodriguez,emily@invalid.test,StartupLabs,Marketing Manager,Austin TX,
David Kim,david.kim@capitalfund.com,Capital Fund Partners,Founder,New York NY,
Jessica Martinez,jessica@healthtech.io,HealthTech Solutions,CTO,Boston MA,
Robert Taylor,robert@consulting.com,Taylor Consulting LLC,Director of Operations,Chicago IL,
Amanda White,amanda.white@amazon.com,Amazon Inc,Senior Product Manager,Seattle WA,
Christopher Lee,chris@startup.io,InnovateLabs,Co-Founder,San Francisco CA,
Michelle Brown,michelle@fake.com,Brown Ventures,VP of Marketing,Los Angeles CA,
James Wilson,james.wilson@bigbank.com,BigBank Corporation,Chief Technology Officer,New York NY,
Lisa Anderson,lisa@smallagency.com,Creative Agency Studio,Account Manager,Portland OR,
Daniel Garcia,daniel@solutions.io,Tech Solutions Inc,Head of Engineering,Austin TX,
Jennifer Martin,jennifer@example.com,Example Corp,Sales Coordinator,Miami FL,
Ryan Thompson,ryan.thompson@google.com,Google LLC,Engineering Manager,Mountain View CA,
Angela Davis,angela@mediagroup.com,Media Group Ltd,Marketing Director,Los Angeles CA,
Kevin Martinez,kevin@ecommerce.shop,ShopNow Retail,E-commerce Manager,Denver CO,
Nicole Jackson,nicole.jackson@ibm.com,IBM Corporation,VP of Cloud Services,Raleigh NC,
Brian White,brian@ventures.capital,Acme Ventures,Partner,San Francisco CA,
Stephanie Harris,stephanie@pharma.health,PharmaHealth Inc,Director of R&D,Cambridge MA,
Jason Clark,jason@tech.startup,NexGen Technologies,Founder & CEO,Palo Alto CA
